{
  "loss": [
    0.004002988338470459,
    0.0013640032848343253,
    0.001201910083182156,
    0.0011363608064129949,
    0.0009464745526202023,
    0.001076234970241785,
    0.0008793803281150758,
    0.0007900954806245863,
    0.0008943747961893678,
    0.0007854109862819314,
    0.0007026653620414436,
    0.0006340325344353914,
    0.0006791847408749163,
    0.0008141488069668412,
    0.0007452036952599883,
    0.0007255529053509235,
    0.0006693506147712469,
    0.0005790177383460104,
    0.0006418729317374527,
    0.0006318339146673679,
    0.000610640156082809,
    0.0005792185547761619,
    0.0006030934164300561,
    0.0005895830690860748
  ],
  "val_loss": [
    0.00025909862597472966,
    0.0004650735354516655,
    0.0009014577371999621,
    0.000935417483560741,
    0.00019915529992431402,
    0.000366335385479033,
    0.00017808043048717082,
    0.0006238020141609013,
    0.00034851397504098713,
    0.001070623635314405,
    0.00015565540525130928,
    0.00019765419710893184,
    0.00014640991867054254,
    0.00012201465870020911,
    0.00026640118448995054,
    0.00012463596067391336,
    0.0002336079633096233,
    0.0002709600958041847,
    0.0002949004992842674,
    0.00024074214161373675,
    0.00025810490478761494,
    0.00023755611618980765,
    0.0001726777700241655,
    0.0001499740028521046
  ],
  "mae": [
    0.05684535950422287,
    0.03336501866579056,
    0.030871815979480743,
    0.029641442000865936,
    0.027305861935019493,
    0.027740497142076492,
    0.02476309798657894,
    0.02334216795861721,
    0.02489594928920269,
    0.02289077825844288,
    0.022227011620998383,
    0.02110036090016365,
    0.021738972514867783,
    0.023121172562241554,
    0.022542597725987434,
    0.022508690133690834,
    0.02067132294178009,
    0.019702011719346046,
    0.020281625911593437,
    0.02027313783764839,
    0.019942287355661392,
    0.01985735446214676,
    0.020069053396582603,
    0.019503379240632057
  ],
  "val_mae": [
    0.017216982319951057,
    0.025627950206398964,
    0.038219649344682693,
    0.038889329880476,
    0.015065052546560764,
    0.02251264825463295,
    0.014036411419510841,
    0.03075224906206131,
    0.021983133628964424,
    0.042255330830812454,
    0.013162067160010338,
    0.015081645920872688,
    0.01275042537599802,
    0.011685800738632679,
    0.01841590367257595,
    0.011774258688092232,
    0.016696713864803314,
    0.01856452226638794,
    0.01943184807896614,
    0.01699567213654518,
    0.017924321815371513,
    0.016961393877863884,
    0.014042062684893608,
    0.012902285903692245
  ],
  "epochs": 24,
  "hyperparameters": {
    "sequence_length": 30,
    "batch_size": 32,
    "epochs": 100,
    "patience_early_stop": 10,
    "patience_lr_reduce": 5,
    "validation_split": 0.1,
    "test_split": 0.2,
    "lstm_units_1": 64,
    "lstm_units_2": 32,
    "dropout_rate": 0.2,
    "learning_rate_factor": 0.5,
    "min_learning_rate": 1e-07
  },
  "technical_parameters": {
    "rsi_window": 14,
    "ema_window": 30,
    "sma_10_window": 10,
    "sma_50_window": 50,
    "bollinger_window": 20,
    "bollinger_std": 2
  }
}