{
  "loss": [
    0.00349845876917243,
    0.0007030635606497526,
    0.0005065873847343028,
    0.00040826943586580455,
    0.0004004318325314671,
    0.0003532164846546948,
    0.0003236572374589741,
    0.00029112378251738846,
    0.0002851668104995042,
    0.0002681393234524876,
    0.0002774702152237296,
    0.0002711521810851991,
    0.0002489635662641376,
    0.0002612089738249779,
    0.00024217112513724715,
    0.00023311244149226695,
    0.00024737726198509336,
    0.0002334886376047507,
    0.00023811805294826627,
    0.00024018666590563953,
    0.00024105164629872888,
    0.00024019925331231207,
    0.0002363161911489442,
    0.00021525559714064002,
    0.00022467257804237306,
    0.0002319309423910454,
    0.00022385691408999264,
    0.00022554874885827303,
    0.00021964378538541496,
    0.0002260702895000577,
    0.00020845394465140998,
    0.00021408838802017272,
    0.000205856587854214,
    0.00021324236877262592,
    0.00022020074538886547,
    0.00023588637122884393,
    0.00021060618746560067,
    0.0002083534054690972,
    0.0002404330880381167,
    0.0002178599388571456,
    0.00021936353005003184,
    0.00019345551845617592,
    0.00021122291218489408,
    0.00020838288764934987,
    0.00022100703790783882,
    0.00020778308680746704,
    0.00021015644597355276,
    0.00019157800124958158,
    0.00022165040718391538,
    0.00020303412748035043,
    0.00020847984706051648
  ],
  "val_loss": [
    0.00022643119154963642,
    7.828349771443754e-05,
    8.552810322726145e-05,
    0.00011359965719748288,
    5.335352398105897e-05,
    0.00011763541988329962,
    5.1001949032070115e-05,
    4.6339580876519904e-05,
    7.723917224211618e-05,
    4.5074455556459725e-05,
    4.506410550675355e-05,
    4.1950192098738626e-05,
    3.684518742375076e-05,
    5.2493687690002844e-05,
    3.792865391005762e-05,
    3.720490713021718e-05,
    3.601322168833576e-05,
    3.954963540309109e-05,
    3.757692684303038e-05,
    4.0772709326120093e-05,
    3.864011523546651e-05,
    3.5534147173166275e-05,
    3.574306902009994e-05,
    3.931540049961768e-05,
    3.5495719203026965e-05,
    3.540330726536922e-05,
    3.5660676076076925e-05,
    3.672141247079708e-05,
    3.549997927621007e-05,
    3.51587041222956e-05,
    3.578866380848922e-05,
    3.635369284893386e-05,
    3.451973680057563e-05,
    3.4802120353560895e-05,
    3.471493982942775e-05,
    3.539526733220555e-05,
    3.441426088102162e-05,
    3.4953278372995555e-05,
    3.438723797444254e-05,
    3.451986049185507e-05,
    3.407872645766474e-05,
    3.414372986298986e-05,
    3.41237973771058e-05,
    3.4440334275132045e-05,
    3.4289038012502715e-05,
    3.426333933020942e-05,
    3.4560984204290435e-05,
    3.425736213102937e-05,
    3.432019366300665e-05,
    3.433242454775609e-05,
    3.4382956073386595e-05
  ],
  "mae": [
    0.05005573481321335,
    0.024625713005661964,
    0.020796673372387886,
    0.018999574705958366,
    0.018396763131022453,
    0.017919624224305153,
    0.016901222988963127,
    0.015197033993899822,
    0.015119719319045544,
    0.014514693059027195,
    0.01484337542206049,
    0.014960057102143764,
    0.013965239748358727,
    0.013919472694396973,
    0.013474369421601295,
    0.013149091973900795,
    0.013450780883431435,
    0.013162083923816681,
    0.013349111191928387,
    0.013453809544444084,
    0.013541286811232567,
    0.013350917026400566,
    0.012853945605456829,
    0.012724650092422962,
    0.012787838466465473,
    0.012755767442286015,
    0.012781099416315556,
    0.012966982088983059,
    0.012534111738204956,
    0.012865370139479637,
    0.012302229180932045,
    0.012461338192224503,
    0.012395874597132206,
    0.01231095939874649,
    0.012661095708608627,
    0.012846183963119984,
    0.01230996660888195,
    0.012385709211230278,
    0.012875928543508053,
    0.012331284582614899,
    0.012552726082503796,
    0.012088696472346783,
    0.012344824150204659,
    0.012454546988010406,
    0.012714793905615807,
    0.012447386980056763,
    0.012464289553463459,
    0.011951996013522148,
    0.012704352848231792,
    0.012154057621955872,
    0.012292928993701935
  ],
  "val_mae": [
    0.018073437735438347,
    0.009580747224390507,
    0.010101186111569405,
    0.012067067436873913,
    0.008283033967018127,
    0.013033443130552769,
    0.008051477372646332,
    0.007332795299589634,
    0.009738994762301445,
    0.007465435191988945,
    0.007018660195171833,
    0.006739737465977669,
    0.0064048911444842815,
    0.0078016468323767185,
    0.006567969918251038,
    0.006324001122266054,
    0.006334905978292227,
    0.006832623854279518,
    0.0065450360998511314,
    0.007017844822257757,
    0.0065470850095152855,
    0.006335452664643526,
    0.006281151436269283,
    0.006589379161596298,
    0.0062234909273684025,
    0.006194251123815775,
    0.006353095639497042,
    0.006308380048722029,
    0.006243786308914423,
    0.006276948843151331,
    0.006376015953719616,
    0.006284521892666817,
    0.006219066679477692,
    0.006195858586579561,
    0.006237177178263664,
    0.006199556402862072,
    0.006191652733832598,
    0.006173915695399046,
    0.0061731040477752686,
    0.006213950924575329,
    0.006122855003923178,
    0.006119294557720423,
    0.006152058020234108,
    0.0061225672252476215,
    0.006146868225187063,
    0.006137284450232983,
    0.006218015681952238,
    0.006151476874947548,
    0.006150786764919758,
    0.006176050286740065,
    0.006150986533612013
  ],
  "epochs": 51,
  "hyperparameters": {
    "sequence_length": 30,
    "batch_size": 32,
    "epochs": 100,
    "patience_early_stop": 10,
    "patience_lr_reduce": 5,
    "validation_split": 0.1,
    "test_split": 0.2,
    "lstm_units_1": 64,
    "lstm_units_2": 32,
    "dropout_rate": 0.2,
    "learning_rate_factor": 0.5,
    "min_learning_rate": 1e-07
  },
  "technical_parameters": {
    "rsi_window": 14,
    "ema_window": 30,
    "sma_10_window": 10,
    "sma_50_window": 50,
    "bollinger_window": 20,
    "bollinger_std": 2
  }
}