{
  "loss": [
    0.003308396553620696,
    0.0013234918005764484,
    0.001178715843707323,
    0.0009150037076324224,
    0.0008966430905275047,
    0.0009534434648230672,
    0.0007842257618904114,
    0.0007804082124494016,
    0.000751931918784976,
    0.0007562366081401706,
    0.0006821891875006258,
    0.0005988235934637487,
    0.0005788940470665693,
    0.0005136929103173316,
    0.0006001812871545553,
    0.0005930447368882596
  ],
  "val_loss": [
    0.0017052299808710814,
    0.0012090286472812295,
    0.0007110895239748061,
    0.0010708160698413849,
    0.0006482838070951402,
    0.0001224421721417457,
    0.00022742610599379987,
    0.00020171389041934162,
    0.0004983165999874473,
    0.00044298917055130005,
    0.00017550826305523515,
    0.00023275466810446233,
    0.00020123821741435677,
    0.00026578904362395406,
    0.0004933765158057213,
    0.00013173383194953203
  ],
  "mae": [
    0.04893644526600838,
    0.031010843813419342,
    0.029171060770750046,
    0.025588810443878174,
    0.0247823353856802,
    0.027284881100058556,
    0.023301955312490463,
    0.0232110396027565,
    0.022820550948381424,
    0.022388959303498268,
    0.021053917706012726,
    0.019386673346161842,
    0.019203271716833115,
    0.0183508712798357,
    0.019304929301142693,
    0.019220490008592606
  ],
  "val_mae": [
    0.052916206419467926,
    0.045220423489809036,
    0.03401186689734459,
    0.043334782123565674,
    0.032115302979946136,
    0.01151957269757986,
    0.016755875200033188,
    0.015470101498067379,
    0.02770630270242691,
    0.026063431054353714,
    0.014377187937498093,
    0.01713973470032215,
    0.015612633898854256,
    0.018630769103765488,
    0.02744073048233986,
    0.012026536278426647
  ],
  "epochs": 16,
  "hyperparameters": {
    "sequence_length": 30,
    "batch_size": 32,
    "epochs": 100,
    "patience_early_stop": 10,
    "patience_lr_reduce": 5,
    "validation_split": 0.1,
    "test_split": 0.2,
    "lstm_units_1": 64,
    "lstm_units_2": 32,
    "dropout_rate": 0.2,
    "learning_rate_factor": 0.5,
    "min_learning_rate": 1e-07
  },
  "technical_parameters": {
    "rsi_window": 14,
    "ema_window": 30,
    "sma_10_window": 10,
    "sma_50_window": 50,
    "bollinger_window": 20,
    "bollinger_std": 2
  }
}