{
  "loss": [
    0.0028328928165137768,
    0.0012375334044918418,
    0.001206582528539002,
    0.001081122551113367,
    0.0009231709409505129,
    0.001051039551384747,
    0.0008868026779964566,
    0.0008736554882489145,
    0.0007278590346686542,
    0.0007872970309108496,
    0.0008258435409516096,
    0.0007122103706933558,
    0.0006602201028726995,
    0.0007169925374910235,
    0.0006714107585139573,
    0.0006332624470815063,
    0.0005483352579176426,
    0.0005687135271728039,
    0.0006208022241480649,
    0.0005334206507541239,
    0.0004994696355424821,
    0.000525129958987236,
    0.0005233092815615237,
    0.0004959926591254771
  ],
  "val_loss": [
    0.0011542941210791469,
    0.0007292440859600902,
    0.0014952427009120584,
    0.0005508413887582719,
    0.00048013177001848817,
    0.0008120969287119806,
    0.000308390794089064,
    0.0002205473865615204,
    0.000288561568595469,
    0.0002965651801787317,
    0.0001305935875279829,
    0.0003043042088393122,
    0.0004489730345085263,
    0.0001143220069934614,
    0.00014836671471130103,
    0.0001432081771781668,
    0.0002027084119617939,
    0.00012321522808633745,
    0.0001658730470808223,
    0.0001500424405094236,
    0.00011909093154827133,
    0.00022673342027701437,
    0.00019166588026564568,
    0.0001484816602896899
  ],
  "mae": [
    0.04778818041086197,
    0.030849259346723557,
    0.029122423380613327,
    0.02949913777410984,
    0.026110824197530746,
    0.028008444234728813,
    0.02582191862165928,
    0.02538781613111496,
    0.022938985377550125,
    0.02368486113846302,
    0.024974770843982697,
    0.022070443257689476,
    0.02095945179462433,
    0.022041385993361473,
    0.021749170497059822,
    0.020745011046528816,
    0.01878075674176216,
    0.019358063116669655,
    0.019317608326673508,
    0.019122537225484848,
    0.01806439273059368,
    0.018055619671940804,
    0.018518442288041115,
    0.01778232492506504
  ],
  "val_mae": [
    0.04347832128405571,
    0.03347230330109596,
    0.05116992071270943,
    0.02862643264234066,
    0.026439545676112175,
    0.03612227737903595,
    0.020242594182491302,
    0.016327152028679848,
    0.0196562260389328,
    0.019843976944684982,
    0.012349974364042282,
    0.020046299323439598,
    0.025730397552251816,
    0.011316332034766674,
    0.013110082596540451,
    0.01257261075079441,
    0.015392625704407692,
    0.011697009205818176,
    0.013710277155041695,
    0.012954619713127613,
    0.01149444654583931,
    0.01654811017215252,
    0.014913948252797127,
    0.01281033456325531
  ],
  "epochs": 24,
  "hyperparameters": {
    "sequence_length": 30,
    "batch_size": 32,
    "epochs": 100,
    "patience_early_stop": 10,
    "patience_lr_reduce": 5,
    "validation_split": 0.1,
    "test_split": 0.2,
    "lstm_units_1": 64,
    "lstm_units_2": 32,
    "dropout_rate": 0.2,
    "learning_rate_factor": 0.5,
    "min_learning_rate": 1e-07
  },
  "technical_parameters": {
    "rsi_window": 14,
    "ema_window": 30,
    "sma_10_window": 10,
    "sma_50_window": 50,
    "bollinger_window": 20,
    "bollinger_std": 2
  }
}